{"test_ndcg": 0.7689793109893799, "test_precision": 0.4756637215614319}