train_loss,epoch,step
0.6675894856452942,0,49
0.6690863370895386,0,99
